thonguyen123@gmail.com,thonguyen123,Thonguyen@123,customer
tambanh2000@gmail.com,tambanh2000,Tambanh@2000,employee
codegym21knvt@codegym.com,codegym21knvt,Codegym@21knvt,manager
phuclong95@gmail.com,phuclong95,Phuclong@95,manager
lenhathoang0508@gmail.com,lenhathoang0508,Lenhathoang@0508,manager
authienphuoc2000@gmail.com,thienphuoc261,Thienphuoc@261,manager
